Mes_Id, mora ,Suma_Sum,SUma_3090_Sum,Suma_mas90_Sum,SUma_3060_Sum,SUma_6090_Sum,IDC_COMEX_Sum,IDC_CTS_Sum,IDC_DTO_DOC_Sum,IDC_FZA_Sum,IDC_HIPO_Sum,IDC_INTYCOM_Sum,IDC_LSG_Sum,IDC_ON_Sum,IDC_OTROS_PMOS_Sum,IDC_PMOS_PERS_Sum,IDC_PMOS_COMER_Sum,IDC_TC_Sum,IDI_COMEX_Sum,IDI_CTS_Sum,IDI_DTO_DOC_Sum,IDI_FZA_Sum,IDI_HIPO_Sum,IDI_INTYCOM_Sum,IDI_LSG_Sum,IDI_ON_Sum,IDI_OTROS_PMOS_Sum,IDI_PMOS_PERS_Sum,IDI_PMOS_COMER_Sum,IDI_TC_Sum,DAUDM_COMEX_Sum,DAUDM_CTS_Sum,DAUDM_DTO_DOC_Sum,DAUDM_FZA_Sum,DAUDM_HIPO_Sum,DAUDM_INTYCOM_Sum,DAUDM_LSG_Sum,DAUDM_ON_Sum,DAUDM_OTROS_PMOS_Sum,DAUDM_PMOS_PERS_Sum,DAUDM_PMOS_COMER_Sum,DAUDM_TC_Sum,DEUDA_1_COMEX_Sum,DEUDA_2_COMEX_Sum,DEUDA_3_COMEX_Sum,DEUDA_1_CTS_Sum,DEUDA_2_CTS_Sum,DEUDA_3_CTS_Sum,DEUDA_1_DTO_DOC_Sum,DEUDA_2_DTO_DOC_Sum,DEUDA_3_DTO_DOC_Sum,DEUDA_1_FZA_Sum,DEUDA_2_FZA_Sum,DEUDA_3_FZA_Sum,DEUDA_1_HIPO_Sum,DEUDA_2_HIPO_Sum,DEUDA_3_HIPO_Sum,DEUDA_1_INTYCOM_Sum,DEUDA_2_INTYCOM_Sum,DEUDA_3_INTYCOM_Sum,DEUDA_1_LSG_Sum,DEUDA_2_LSG_Sum,DEUDA_3_LSG_Sum,DEUDA_1_ON_Sum,DEUDA_2_ON_Sum,DEUDA_3_ON_Sum,DEUDA_1_OTROS_PMOS_Sum,DEUDA_2_OTROS_PMOS_Sum,DEUDA_3_OTROS_PMOS_Sum,DEUDA_1_PMOS_PERS_Sum,DEUDA_2_PMOS_PERS_Sum,DEUDA_3_PMOS_PERS_Sum,DEUDA_1_PMOS_COMER_Sum,DEUDA_2_PMOS_COMER_Sum,DEUDA_3_PMOS_COMER_Sum,DEUDA_1_TC_Sum,DEUDA_2_TC_Sum,DEUDA_3_TC_Sum,Recuento_registros
201202, 1.448 ,3731714078,87404501.24,51826503.85,65943817.35,21221685.02,0,220457589.1,3287049.11,0,68068539.7,271851.94,6267101.26,0,41666913.75,2033346959,1184606.95,1305886810,0,0,0,0,389105.54,0,52039.82,0,515675.68,44040289.05,50959.34,0,0,4202144,9,0,7465,0,1639,0,33853,995834,21463,3558070,0,0,0,205322534.4,4633472.05,10501582.67,3287049.11,0,0,0,0,0,67490887.55,807854.37,158903.32,271851.94,0,0,6103966.62,48005.47,167168.99,0,0,0,40512292.08,796653.7,873643.65,2051658235,7688368.71,18040643.66,163627.33,69192.15,1002746.81,1270777092,23185784.01,11923933.8,533384
201203, 1.586 ,3828918023,85549929.15,55432354.74,58013381.73,27221639.95,0,238611741.3,3156038.27,0,67321435.09,269192.07,6189971.24,0,38720426.39,2102959035,1175867.71,1323948008,0,0,0,0,396736.16,0,50717.45,0,438792.72,39990152.7,50751.57,0,0,4714075,8,0,7471,0,1665,0,34146,1046810,23544,2690049,0,0,0,224188564.9,3783122.66,10640053.66,3156038.27,0,0,0,0,0,66514109.37,1032913.9,171147.98,269192.07,0,0,6031535.43,45142.05,164011.21,0,0,0,37018968.94,1134534.29,1005715.88,2115041474,8964915.02,18942798.7,157043.59,17608.15,1051967.54,1285605423,25342843.79,12999741.39,545694
201204, 1.828 ,3909417019,117452860.3,62001451.69,82473159.19,34537653.08,0,254527224.7,3163910.76,0,66597503.6,257034.08,5872524.68,0,36374324.45,2192626272,1250599.92,1298451642,0,0,0,0,404525.21,0,49289.52,0,402314.13,45220934.2,52038.23,0,0,5608794,5,0,7569,0,1798,0,32447,1045155,25992,3351077,0,0,0,236583042.9,6371025.03,11573156.74,3163910.76,0,0,0,0,0,66019547.32,791881.94,190599.55,257034.08,0,0,5815103.25,0,106710.95,0,0,0,34796336.96,1002276.12,978025.5,2206773783,11301729.86,19771693.37,142887.53,73168.65,1086581.97,1252370562,30511892.02,15569188.38,548818
201205, 1.899 ,3980638058,140900108.3,72747916.01,102704491.9,36994616.89,0,251136636.3,3121295.22,0,66133482.55,454122.37,5673894.46,0,34554957.06,2231492509,1360543.66,1334762309,0,0,0,0,457049.38,0,45351.68,0,408410.61,47321061.13,56753.42,0,0,4265615,4,0,8178,0,1915,0,32471,1095835,28999,3789799,0,0,0,230286393.2,8189230.76,12661012.38,3121295.22,0,0,0,0,0,65602868.01,797007.85,190656.07,454122.37,0,0,5612037.26,0,107208.88,0,0,0,33189097.14,825714.25,948556.28,2244200559,13351360.71,21261650.52,143395.38,93067.91,1180833.79,1278021366,37835951.53,18904990.69,531009
201206, 2.072 ,4145491008,123748714.4,78729955.47,80969327.83,42681424.63,0,274390762.1,2985614.7,0,65267662.69,319374.84,5430146.7,0,32518241.38,2270815046,1184263.36,1434235115,0,0,0,0,394954.91,0,48087.69,0,332207.84,54340973.22,51010.05,0,0,3977477,2,0,8845,0,2005,0,28999,1083804,23617,3277224,0,0,0,254422484,6984141.29,12984136.79,2985614.7,0,0,0,0,0,64546885.78,893552.72,222179.1,319374.84,0,0,5360099.57,15652.72,102482.1,0,0,0,31053824.27,961929.26,834695.69,2286295551,15598288.65,23262179.44,161435.55,51030.27,1022807.59,1381507674,31647554.42,21079886.52,546669
201207, 1.938 ,4186268337,119252227.2,86758307.15,84787908.09,33740731.77,0,267634635.5,2973762.65,0,64706552.92,313178.05,5282135.6,0,28492527.57,2307047082,1123598.43,1454244738,0,0,0,0,417028.42,0,43850.66,0,336811.19,50606977.69,42352.58,0,0,4237789,10,0,8610,0,2115,0,29186,1124698,24747,3523833,0,0,0,245313664.2,8066307.95,14254663.43,2973762.65,0,0,0,0,0,63872320.13,1021148.15,230113.06,313178.05,0,0,5211158.26,14544.05,100283.95,0,0,0,27205003.65,792615.57,831719.54,2316842864,15437579.23,25373616.09,133507.86,50288.97,982154.18,1404385680,26701902.86,23157154.76,550962
201208, 1.976 ,4370438624,96605488.91,84704432.32,65223793.27,30863080.42,0,245040522.6,2353924.86,0,63624259.02,370025.58,5052178.06,0,27160009.93,2362390188,1098634.17,1608308154,0,0,0,0,380695.99,0,44700.41,0,322551.47,51398818.8,42370.79,0,0,4124777,37,0,8493,0,2215,0,30682,1118101,22784,3909204,0,0,0,223887014.2,6574015.88,14579492.54,2328924.86,25000,0,0,0,0,63127359.19,622936.01,254659.81,370025.58,0,0,4996934.37,1856.89,98087.21,0,0,0,25467133.35,1095623.43,919804.62,2371230959,15159414.38,27398633.39,128532,44607.73,967865.23,1562494304,23152549.86,22661299.68,558876
201209, 1.978 ,4513902260,96008104.51,89208981.04,68312846.94,26988732.82,0,275137838.3,2555189.08,0,62449996.77,338973.35,4822699.5,0,24659858.31,2453793223,1020752.21,1632141668,0,0,0,0,380867.87,0,44231.29,0,270609.37,53714903.83,42096.06,0,0,4395754,68,0,7959,0,2268,0,30002,1169451,23002,3392986,0,0,0,253202988.7,6096505.12,15838344.41,2530189.08,25000,0,0,0,0,61293638.18,1299471.84,237754.62,338973.35,0,0,4771098.08,0,95832.71,0,0,0,23284254.63,725079.16,921133.89,2462015076,16082567.93,29410483.09,110725.74,15407.13,936715.4,1587068170,21196210.52,23877287.73,567090
201210, 1.949 ,4578712973,107677391.6,90561967.99,81877805.5,24689105.2,0,261712475.3,2192885.34,0,62003760.42,446443.75,4623099.02,0,22930061.12,2524374651,982726.57,1640524100,0,0,0,0,421043.33,0,44619.48,0,275334.86,55783472.18,43761.84,0,0,4650369,98,0,7233,0,2437,0,30675,1182435,23363,3702700,0,0,0,238435059.8,6714229.03,16563186.47,2167885.34,0,25000,0,0,0,61643942.59,607951.36,172909.8,446443.75,0,0,4472565.68,134151.04,61001.78,0,0,0,21367838.02,894346.7,943211.26,2533328162,15060755.28,31769205.7,72324.16,1838.56,952325.69,1591483209,24505048.14,24535842.75,565292
201211, 2.023 ,4647244310,118094152.6,90577818.89,86632945.8,29637154.73,0,189481718.2,2226794.21,0,61753620.63,539632.56,4346377.13,0,21374000.99,2568289859,1045662.04,1735388494,0,0,0,0,376435.79,0,41765.45,0,247723.15,60054138.77,48109.78,0,0,4484422,130,0,7509,0,2440,0,30936,1220755,23416,3276897,0,0,0,165775242,6722746.04,16983730.21,2201794.21,0,25000,0,0,0,61451207.22,464306.56,214542.64,539632.56,0,0,4299579.19,27561.61,61001.78,0,0,0,19795440.42,951306.17,874977.55,2578007418,16706222.14,33630357.99,62692.22,69859.11,961220.49,1684719200,26705712.13,23963581.62,572140
201212, 2.065 ,4778385788,106229154.5,96668798.19,75037991.2,29879408.86,0,187867792.9,2439809.19,0,60729468.04,391911.32,4105828.68,0,20428912.41,2622245622,1051063.82,1815948741,0,0,0,0,374401.7,0,37171.91,0,225756.81,60893347.44,48443.92,0,0,4657906,161,0,7674,0,2486,0,29819,1258115,24397,3570504,0,0,0,163831041.6,6550506.73,17486244.57,2414809.19,0,25000,0,0,0,60316825.33,637540.62,149503.79,391911.32,0,0,4081998.81,0,61001.78,0,0,0,19058904.39,752663.3,843101.53,2630477364,16927376.63,35734228.95,59572.66,57606.68,982328.4,1765272689,24863649.5,25812402.6,571299
201301, 2.228 ,4934266878,109018580.7,101887569.1,79787296.28,28214666.89,0,141371999.3,2487685.64,0,59749194.42,736181.25,3818043.51,0,20170303.52,2650800149,1426848.09,1988687485,0,0,0,0,388089.26,0,38129.64,0,248003.34,62950847.24,51469.05,0,0,4622059,192,0,8529,0,2683,0,32089,1327836,25492,3856351,0,0,0,117053513.8,5761750.03,18556735.51,2462685.64,0,25000,0,0,0,59070046.35,855035.97,212201.36,736181.25,0,0,3757752.66,37418.71,61001.78,0,0,0,18541488.35,862350.24,1014468.27,2658476839,17456857.64,37817299.89,413616.16,40780,1023920.98,1933363555,27819837.48,27504092.61,554169
201302, 2.492 ,4757441410,120186852.7,106010215.4,87946094.84,31700722.96,0,169181181.7,2176702.39,0,58768326.36,438671.99,3697840.92,0,18274712.64,2453909908,1425198.62,1989643357,0,0,0,0,387590.21,0,36925.98,0,233396.22,58071366.24,56810.52,0,0,4912779,222,0,8633,0,2841,0,31933,1404142,24227,3734497,0,0,0,142487222.9,7409918.64,19284040.22,2151702.39,0,25000,0,0,0,58201660.81,780304.94,173950.82,438671.99,0,0,3441439.45,232325.67,61001.78,0,0,0,16837249.21,758928.76,911930.89,2453291812,17624650.27,41064812.3,398872.5,52024.83,1031111.81,1933408423,28352129,27882805.01,563788
201303, 2.845 ,4920262802,167635441.8,122597560.5,115447606.8,39745598.55,0,218667480.6,2157970.92,0,57888170.09,912266.97,3474379.67,0,17675114.76,2502756074,1442137.22,2058335280,0,0,0,0,376907.51,0,36979.73,0,185212.47,55227995.91,56079.04,0,0,5150228,248,0,9753,0,3021,0,32119,1481547,25321,4311398,0,0,0,192890293.2,5817765.45,19959421.93,2132970.92,0,25000,0,0,0,56999827.27,977020.85,288229.48,912266.97,0,0,3223775.07,226582.55,61001.78,0,0,0,16354080.78,637720.98,868525.47,2491005196,23428234.25,43550640.01,389172.07,41119.43,1067924.76,1953885478,69275316.22,35174485.34,574740
201304, 3.361 ,5051066701,199275504.5,143707333.3,122408361,76704781.7,0,241397866.2,2255195.05,0,57882444.59,951704.24,3266182.72,0,16545413.57,2570077681,1512873.29,2095939761,0,0,0,0,437121.39,0,30593.94,0,231176.25,59799330.55,47708.73,0,0,5881390,278,0,10257,0,3087,0,35427,1525470,23982,4957568,0,0,0,211318956.1,8173311.6,21905598.44,2230195.05,0,25000,0,0,0,56393966.15,1490474.51,435125.32,951704.24,0,0,3080950.38,1569.62,214256.66,0,0,0,15165492,662170.99,948926.83,2556230471,27205941.76,46440598.52,660068.03,39810.48,860703.51,1982673433,70155885.94,43110442.53,576069
201305, 3.487 ,5205531033,164960542.6,174975283.5,106280382.6,58589867.88,0,269957944.1,1708939.31,0,56923802.35,1005399.49,3154418.49,0,15268065.06,2653862226,1737370.34,2140133785,0,0,0,0,383039.99,0,35039.92,0,178219.49,60641507.28,47495.88,0,0,5846081,313,0,10092,0,3370,0,35900,1597144,23830,4504513,0,0,0,238745858.1,8041148.49,23170937.48,1683939.31,0,25000,0,0,0,55534805.33,1412030.34,360006.67,1005399.49,0,0,2878408.09,95422.18,215628.14,0,0,0,13823056.55,592892.73,1030335.27,2637770480,25316177.9,51417075.05,962971.91,313.65,821580.66,2034578762,45912160.85,59642862.1,588798
201306, 3.481 ,5278964729,162105010.2,184056855.6,116935598.3,45108050.78,0,279947364.3,1469485.97,0,55956177.44,763770.47,2992691.9,0,14095454,2732306624,1670723.53,2124377729,0,0,0,0,373123.17,0,24180.53,0,125090.53,64576121.83,46241.85,0,0,5854889,342,0,9290,0,2424,0,37552,1648037,24504,4998443,0,0,0,248378260.4,7693103.6,23876000.27,1444485.97,0,25000,0,0,0,54757831.69,995294.24,576174.68,763770.47,0,0,2973867.23,11542.75,31462.45,0,0,0,12609478.04,536717.08,1074349.41,2718002133,24093895.04,54786717.63,949831.4,2780.85,764353.13,2014203226,46630975.07,63543528.05,591854
201307, 3.498 ,5282301056,181827965.3,183869397.4,127401576.5,53922059.38,0,229576806.7,1736196.51,0,55135648.96,445893.23,2885569.58,0,12325044.7,2764769424,1562644.34,2148259125,0,0,0,0,408495.52,0,20722.52,0,134088.91,64767356.76,40858.8,0,0,6212987,372,0,9758,0,2644,0,36498,1747457,21914,5364475,0,0,0,196646242.3,8093764.21,24836800.25,1711196.51,0,25000,0,0,0,54313069.2,796247.78,434827.5,445893.23,0,0,2863286.9,11542.75,31462.45,0,0,0,10858729.2,579517.46,1020886.95,2745502707,26340901.67,57693172.73,913014.63,20800.13,669688.38,2033842473,53319836.26,61096816.17,586336
201308, 3.498 ,5390337991,105007696.1,188545588.5,66824544.72,37778927.49,0,201050923.1,1526392.88,0,54294559.92,502754.34,2673408.62,0,11850184.52,2803149455,1578292.33,2246452029,0,0,0,0,346275.63,0,21076.11,0,115427.3,66721835.45,43047.05,0,0,6535061,402,0,9311,0,2861,0,37247,1893516,24738,5005543,0,0,0,168338832,6542707.67,26169383.44,1501392.88,0,25000,0,0,0,53562957.25,597670.1,480208.2,502754.34,0,0,2625138.74,26340.79,43005.2,0,0,0,10360382.23,544431.02,1060798.57,2782072482,26319957.33,61478850.89,890662.55,24600.54,706076.29,2159602466,24563188.38,62286374.85,589517
201309, 3.384 ,5290337795,160876729.4,185069853.9,128766783.5,31539629.2,0,201415205.5,1576454.67,0,53096477.15,362869.44,2461385.16,0,11314430.78,2912498602,1364626.57,2037591229,0,0,0,0,364138.11,0,17801.65,0,128579.86,67952387.45,33675.02,0,0,6451033,432,0,9414,0,2741,0,35067,1847269,20900,5364549,0,0,0,168826224.1,6336944.54,26252036.85,1551454.67,0,25000,0,0,0,52277468.58,635727.73,547418.95,362869.44,0,0,2420321,24797,34068.81,0,0,0,10055189.72,294609.54,1093211.38,2891711855,26253333.12,62485801.82,870490.77,14395.96,513414.86,1933766470,42351825.43,61472932.75,591822
201310, 3.333 ,5389258245,163748816.2,182364920.2,118086638.8,44324932.22,0,201690665.7,1694644.09,0,52170088.12,395401.42,2815511.32,0,12221391.37,2958205124,1397077.23,2088322079,0,0,0,0,341546.72,0,20782.06,0,115117.1,69802954.18,31050.03,0,0,6343063,462,0,9422,15345,2873,0,773858,1877078,19096,5632259,0,0,0,169106536.6,6094548.12,26489580.98,1669644.09,0,25000,0,0,0,51494956.26,495957.24,520721.34,288226.42,107175,0,2777427.57,0,58865.81,0,0,0,9770299.64,414116.88,2152091.95,2933642430,29760097.83,64605550.6,949960.9,2591.02,475575.34,1987265320,42170866.25,58885892.71,589364
201311, 3.674 ,5483430653,150572069.6,182749736.9,102005019.9,47852711.15,0,206912161.1,1425930.26,0,51128861.24,405012.43,2616789.26,0,11708321.15,2967737976,1363722.27,2168789422,0,0,0,0,333743.26,0,18920.59,0,132744.49,70868778.91,22494.25,0,0,6347871,495,0,8474,17373,3040,0,788011,1935750,15070,5271154,0,0,0,174741974.3,5945348.43,26224838.38,1400930.26,0,25000,0,0,0,50412153.6,643885.22,406565.68,283090.63,121921.8,0,2576844.04,0,58865.81,0,0,0,9209231.55,469790.65,2162043.44,2938614084,34848463.97,65144207.58,1028848.07,0,357368.45,2075887947,33208600.6,59692874.49,594933
201312, 3.717 ,5258174523,162696731.8,193178527.9,112633346.6,48209736.89,0,198567797.4,1856101.43,0,50076661.77,366292.5,3052564.19,0,11346394.82,2769365162,1311715.09,2156812526,0,0,0,0,352178.34,0,29048.18,0,168319.93,65026491.67,22809.77,0,0,6307867,525,0,6937,17609,3037,0,868422,1915037,12970,5418452,0,0,0,166210447.3,6567880,25789470.09,1831101.43,0,25000,0,0,0,49638152.38,510149.81,280537.92,200951.7,165340.8,0,2977292.36,48060.56,56259.45,0,0,0,8900193.11,370887.67,2243633.97,2736301713,29714650.96,68375290.64,1003974.07,2375.06,328175.73,2056266368,37546708.25,62999450.37,591890
201401, 3.644 ,5356437921,196064439.7,199081495.1,146722976.2,48933779.19,0,155010133.2,1486523.09,0,49398396.96,370934.01,2850423.32,0,10733670.6,2778325112,1234554.66,2291286569,0,0,0,0,341126.19,0,28095,0,210146.61,65351511.25,19464.57,0,0,6563046,3,0,6516,14981,3178,0,892283,2033405,10455,6042623,0,0,0,123247874,6185602.62,25576656.58,1486523.09,0,0,0,0,0,48565729.27,926030.06,247763.82,264071.61,106862.4,0,2773926.36,48332.51,56259.45,0,0,0,8350843.53,325574.3,2267399.38,2737489814,34085543.33,72101266.78,978852.41,10278.86,264887.96,2184100182,43273666.87,63912720.38,582529
201402, 4.120 ,5515028613,252572199.3,200959285.8,175310458.9,75456373.41,0,183448998,1189443.56,0,50328436.25,384768.43,2613704.43,0,10374460.48,2820266891,1172060.28,2376703757,0,0,0,0,320592.73,0,23558.11,0,230804.88,68331200.46,17478.52,0,0,6672892,2,0,6545,16625,2858,0,909351,2164045,9470,5918661,0,0,0,150702050.7,7833838.69,24913108.62,1189443.56,0,0,0,0,0,49823685.32,563917.33,261426.33,260497.33,124271.1,0,2582572.71,0,54689.83,0,0,0,7889266.06,621889.03,2094110.27,2742736872,70799385.59,75061834.11,953958.21,10278.86,225301.73,2256392454,56449781.57,63861522.09,596978
201403, 4.514 ,5495854153,208340747.2,226412100.8,113375694.8,93103926.91,0,192193885.8,1266735.56,0,49530980.4,474252.37,2460002.96,0,9553989.21,2866455853,1311608.63,2308776327,0,0,0,0,320883.57,0,23586.96,0,248192.33,63642814.42,28903.05,0,0,6827000,3,0,6075,15216,2962,0,935785,2242256,9404,6115200,0,0,0,161515570,5023343.84,25654971.98,1266735.56,0,0,0,0,0,49073047.58,561523.13,217293.26,354620.89,119631.48,0,2428900.09,0,54689.83,0,0,0,7276215.82,506124.01,2019841.71,2775708483,75728407.65,78661777.42,930488.68,188277.86,221745.14,2178539078,60757488.63,69479760.55,598292
201404, 4.366 ,5661938205,221535834.3,255576324.7,153842210.7,55403968.26,0,206661971.8,1020578.72,0,48925766.65,508772.71,2291481.83,0,9108820.27,2890400600,1280454.44,2429024967,0,0,0,0,313498.13,0,23475.48,0,277605.23,72541339.17,31163.38,0,0,7128808,2,0,6145,18014,3052,0,1081560,2382191,9607,6959706,0,0,0,171459077.6,7913415.22,27289478.99,1020578.72,0,0,0,0,0,48222462.04,815915.93,200886.81,340459.96,168312.75,0,2260267.48,0,54689.83,0,0,0,6702087.18,394252.98,2290085.34,2825714736,45884664.62,91342538.73,912757.34,188277.86,210582.62,2276144056,66711684.89,86169226.55,605475
201405, 4.623 ,5675842702,217402066.5,247818505.3,141805713.1,68868386.87,0,199355717.4,1536424.64,0,47871723.84,523561.42,2114771.45,0,8687817.81,2928070572,1153872.16,2414690520,0,0,0,0,309416.82,0,23418.79,0,99988.2,71759849.05,9253.71,0,0,6407217,3,0,4768,18496,337,0,895395,2187480,6435,6465031,0,0,0,166808060.5,9712976.64,22834680.26,1536424.64,0,0,0,0,0,47444653.8,503086.62,233400.24,362332.72,161228.7,0,2113393.24,0,24797,0,0,0,6811641.07,225930.84,1750234.1,2866120743,38929560.48,94780118.21,1003446.26,0,159679.61,2274957806,54465102.6,85267611.12,600400
201406, 4.899 ,5698565124,230808717.9,263424573.8,151098317.7,79710400.19,0,205053773,2146586.95,0,46749920.14,454399.25,1967994.08,0,8411221.57,2950262152,993213.65,2406188014,0,0,0,0,327112.57,0,21950.66,0,159485.05,76286530.9,11513.52,0,0,6742652,6200,0,5000,18020,380,0,911707,2289977,6112,7040040,0,0,0,172171158.6,8783850.01,24098764.4,2059047.47,0,87539.48,0,0,0,46237200.28,659854.89,179977.54,261996.5,192402.75,0,1965147.74,0,24797,0,0,0,6551071.48,422323.74,1597311.4,2857372954,70313815.34,98861914.01,850406.56,1084.55,153236.06,2264639312,52826796.98,88721905.45,602064
201407, 4.690 ,5815721934,190344633.8,284914000.6,129938427.7,60396235.29,0,194737803.3,1168118.06,0,46024476.09,457977.75,1816636.53,0,8187555.53,2948471079,964956.27,2538097250,0,0,0,0,299183.61,0,17595.08,0,198735.11,75706305.41,13139.23,0,0,6960351,6620,0,5148,14289,384,0,977490,2341806,5165,7245338,0,0,0,162880623.6,7208138.76,24649040.94,1080578.58,0,87539.48,0,0,0,45283288.16,802207.18,238164.36,336788.25,121189.5,0,1809434.61,0,24797,0,0,0,6685545.83,294551.63,1406193.18,2881606485,39882922.67,102687976.7,837441.37,1084.55,139569.58,2388386147,54927910.64,94783193.24,595972
201408, 4.753 ,5784184954,133790811.5,271270043.9,80487838.06,52805868.26,0,177597108.5,1024489.18,0,45206041.22,486473.35,1804474.13,0,7734006.39,2957644540,923695.34,2514500063,0,0,0,0,297355.49,0,20263.34,0,236092.39,76880603.93,9349.42,0,0,7064028,7055,0,4832,16539,416,0,969374,2288198,5069,6632472,0,0,0,148091945.2,5894186.12,23610977.13,936949.7,0,87539.48,0,0,0,44615620.83,489368.74,398407.14,335756.35,150717,0,1799940.47,0,24797,0,0,0,6344874.39,422228.54,1202995.85,2899655563,34820337.97,100049242.5,803814.85,0,129229.91,2390873944,33344328.26,90281790.45,592440
201409, 4.381 ,5709637784,184064976.8,271399062.6,143760184.1,38672783.22,0,194692061.6,1391092.57,0,44279389.64,415782.35,1699265.32,0,7364874.52,2930709179,867679.09,2452852630,0,0,0,0,316899.62,0,19775.14,0,283166.69,74865127.42,8274.68,0,0,7815341,8493,0,5202,15873,491,0,1032538,2357656,3996,7138579,0,0,0,164275821.5,6339749.96,24076490.09,1279087.72,0,112004.85,0,0,0,43707367.77,476188.69,412732.8,255687.35,160095,0,1692089.06,2154.4,24797,0,0,0,5942177.07,488374.16,1217489.98,2871689231,33472173.91,100412901.3,780319.26,0,95634.51,2321385616,40658727.75,90808286.23,596268
201410, 4.318 ,5950623898,186152835.9,260716222.3,128799263.1,57020218.37,0,203744703.1,1320634.7,0,43138755.14,474297.04,1569745.71,0,7943283.88,3021260001,819514.9,2593605885,0,0,0,0,280421.9,0,16994.31,0,316221.52,76292752.48,5167.79,0,0,7900156,3946,0,4115,13063,483,0,1098356,2453232,3227,6989110,0,0,0,174911887.5,6224368.41,22608447.14,1253020.9,0,67613.8,0,0,0,42884208.88,380735.47,154232.69,375561.04,98736,0,1561943.02,0,24797,0,0,0,6487886.68,192677.38,1578941.34,2957525458,37152342.69,102874953.2,747550.35,0,77132.34,2458496470,47582734.98,87526680.4,600137
201411, 4.451 ,6057915672,187623103.8,261553006,123290602.7,62634385.88,0,209393287.3,1323410.11,0,42235946.39,597433.09,1807001.79,0,8044601.62,3100013343,791726.69,2614457649,0,0,0,0,273934.51,0,16514.72,0,91132.88,79000009.98,5111.4,0,0,8397810,3939,0,3589,16629,510,0,1096735,2539786,1947,7455953,0,0,0,180401258.2,6525053.11,22466975.98,1258036.27,0,65373.84,0,0,0,42186008.57,230523.67,93348.66,447187.09,150246,0,1798719.51,0,24797,0,0,0,6169160.49,268840.61,1697733.4,3037182454,37657036.95,104173862.5,723455.71,0,73382.38,2476756027,51098887.62,86602733.45,599325
201412, 4.380 ,6234223159,210511036.9,277504066.1,150316971.9,58030204.47,0,204521571.8,1243447.5,0,41511875.34,659963.99,1731372.19,0,8193375.47,3169847541,840026.8,2725250231,0,0,0,0,312672.59,0,24264.59,0,135907.04,80152708.44,5170.17,0,0,8891480,3697,0,3966,19501,532,0,1146082,2674985,1549,7852588,0,0,0,175014782.4,7539160.42,21967629.01,1197290.07,0,46157.43,0,0,0,41354463.92,343549.34,126534.67,423800.99,236163,0,1730839.78,0,24797,0,0,0,6098296.89,389116.65,1841868.97,3099683660,40249694.69,110066895.4,772719.13,0,72477.84,2573000849,59203617.5,93045764.27,595311
201501, 4.428 ,6477467420,164873182,283728686.5,107527885.2,56975995.55,0,155057479.1,1425776.57,0,40502405.68,609632.78,1651806.16,0,8600876.15,3179384876,806928.15,3003310694,0,0,0,0,290004.34,0,15192.72,0,186646.83,85812813.9,5454.67,0,0,9128779,2588,0,4232,17186,560,0,1184093,2653374,1367,7892000,0,0,0,127391622.3,6061068.88,21604788,1402449.01,0,23327.56,0,0,0,40324057.52,288531.48,179821.02,417013.28,192619.5,0,1642201.88,0,24797,0,0,0,6250436.38,522749.03,2014337.57,3117699663,36318785.29,111179241.3,742383.5,0,69999.32,2864495135,44303034.05,94512524.95,579906
201502, 4.307 ,6528210019,179357593.2,289050176.6,128195952.9,50397144.17,0,186682444.1,922782.1,0,39664555.03,577724.25,1596055.11,0,8689824.74,3217518423,722598.87,2983484792,0,0,0,0,285537.88,0,15352.8,0,228782.78,88013587.47,3215.83,0,0,9382948,2741,0,4332,16717,595,0,1232857,2709897,939,8191392,0,0,0,158990883.9,6743762.97,20947797.17,899454.54,0,23327.56,0,0,0,39320983.23,508772.49,120337.19,395021.25,182703,0,1586610.91,0,24797,0,0,0,6298928.24,519792.74,2099886.54,3156053060,35976641.26,113502309.2,711370.46,0,14444.24,2835878588,49450167.34,98156036.71,587554
201503, 4.104 ,6600786640,169535621.3,284303975.9,111755595.3,57383351.13,0,194515640.7,1016616.01,0,38935230.31,602439.48,1544436.7,0,9124725.2,3242505772,817749.02,3031217418,0,0,0,0,309700.02,0,20993.8,0,278308.86,80087912.26,3088.21,0,0,9406881,2883,0,4798,16242,619,0,1158563,2549431,1023,8182280,0,0,0,170316586.7,4160823.02,20038230.97,993288.45,0,23327.56,0,0,0,38473537.98,679071.2,92321.15,393558.48,208881,0,1540633.5,0,24797,0,0,0,6745403.23,432907.98,2224722.85,3176122065,33741105.98,112730513.1,806392.99,0,14444.24,2871465382,62914283.4,96837752.95,588527
201504, 4.081 ,6872729834,201031572.8,282036774.7,138484501.3,62378339.86,0,177180044.2,992380.7,0,38187185.98,526002.01,1480539.74,0,9716604.46,3277275414,782690.05,3280476950,0,0,0,0,266195.6,0,13493.95,0,333282.21,85680844.85,5920.44,0,0,9239878,3036,0,4701,14610,654,0,1173118,2530363,1116,8359612,0,0,0,151345872,6742539.9,19091632.29,969053.14,0,23327.56,0,0,0,37803844.57,439915.3,209621.71,359389.51,166612.5,0,1469236.69,0,24797,0,0,0,6822933.53,671882.93,2555070.21,3213487563,37843145.94,111625549.6,774166.25,0,14444.24,3120020308,63137082.78,97319558.85,588524
201505, 4.012 ,6932318289,191919318.7,282903878.9,130322320.5,60783030.52,0,194964509.1,894347.23,0,36744301.85,577669.84,1399538.56,0,9854081.84,3344080433,733704.7,3260795169,0,0,0,0,251828.48,0,12731.06,0,377502.22,81785001.29,3747.12,0,0,9445680,3185,0,4543,15582,3,0,1182229,2471185,1206,8205361,0,0,0,168868278.3,7926880.28,18169350.53,871019.67,0,23327.56,0,0,0,36239861.88,592416.88,163851.57,419209.84,158460,0,1412269.62,0,0,0,0,0,6826993.01,808108.4,2596482.65,3278405709,35909364.43,111550360.4,723007.58,0,14444.24,3108975742,52803654.52,99015772.02,589167
201506, 3.596 ,7129433249,225659854.9,286022038.6,162556350,61131340.29,0,199656960.2,758332.11,0,35880194.72,538561.93,1349945.89,0,10125344.68,3367018495,681152.31,3422518895,0,0,0,0,275013.64,0,13855.27,0,426123.57,90326666.83,3268.46,0,0,8829121,2667,0,5241,16570,28,0,1175144,2435514,731,8538822,0,0,0,173311171.4,8223254.47,18122534.33,746449.49,0,11882.62,0,0,0,35328805.56,655585.75,170817.05,331006.93,207555,0,1363801.16,0,0,0,0,0,6898674.4,1015817.33,2636976.52,3309947819,36748671.21,110648672,680255.39,0,4165.38,3253359990,69194349.81,99964554.6,593126
201507, 3.394 ,7335257365,171347306.2,263755210.1,114101168.4,56671282.13,0,176574678,589420.15,0,34907902.69,617956.19,1673050.87,0,10426255.51,3408431565,863070.78,3617610782,0,0,0,0,254510.45,0,11620.85,0,460037.16,83035822.03,5806.33,0,0,8204929,2788,0,5213,13631,3,0,1055074,2200793,791,7544623,0,0,0,153724253.1,5878718.9,16971706.05,577537.53,0,11882.62,0,0,0,34048562.43,618815.78,495034.93,502083.41,115872.78,0,1684671.72,0,0,0,0,0,7648858.2,841201.02,2396233.45,3350307160,38554153.75,102606072.9,864711.73,0,4165.38,3475590661,50630176.89,91389944.15,584406
201508, 3.040 ,7417641634,138525793.7,251723032.9,97144106.84,40130578.15,0,172970908.3,866818.08,0,34009476.61,689238.93,1610162.84,0,10856257.78,3449613163,822302.58,3657479109,0,0,0,0,239299.19,0,11501.26,0,506814.47,88154918.36,7663.35,0,0,7094528,2913,0,4244,16116,4,0,1025207,2067102,384,7485190,0,0,0,151702017.4,4832496.63,16436394.2,854935.46,0,11882.62,0,0,0,33592521.08,198644.99,457609.73,502122.03,187116.9,0,1621664.1,0,0,0,0,0,7756433.01,946622.47,2660016.77,3408912240,28272085.46,100583756.6,826885.1,0,3080.83,3527371680,40639771.46,89467656.79,591751
201509, 2.756 ,7814294935,165175555.1,237548291.5,124178943.8,40405979.92,0,194388311.6,843462.87,0,33274033.66,657664.48,1546097.27,0,10825345.32,3513274441,1017849.38,3970451268,0,0,0,0,237688.21,0,11062.03,0,552156.73,87410510.53,7725.18,0,0,7084823,2372,0,4920,17346,4,0,975106,1998722,415,7325383,0,0,0,172816793,5418130.66,16153387.95,837005.94,0,6456.93,0,0,0,32606841.54,461243.76,443636.57,413424.01,244240.47,0,1557159.3,0,0,0,0,0,7938116.73,745485.59,2693899.73,3471676154,30909252.44,98099544.63,1022493.73,0,3080.83,3839155099,48210882.42,83085285.76,604012
201510, 2.597 ,8111485260,138560814.3,223526778.1,93281992.47,45032564.5,0,196911331.6,543910.9,0,32481320.02,608728.75,1480963.02,0,10569506.35,3644215186,981067.54,4137297502,0,0,0,0,233946.86,0,9879.51,0,595284.89,85733485.5,9000.2,0,0,6973589,2463,0,4812,14327,3,0,957144,1935852,592,6844141,0,0,0,176148344.5,5192379.64,15570607.37,537453.97,0,6456.93,0,0,0,31873016.33,244786.01,597464.54,417156.32,188615.51,2956.92,1490842.53,0,0,0,0,0,7805242.18,695439.34,2664109.72,3606976669,28180259.25,94791743.39,978723.22,0,11344.52,4021168346,38698419.2,77430737.1,610942
201511, 2.379 ,8338714961,172610934.4,216559325.8,131338947.1,39194872.93,0,200330953.9,787782.7,0,31756653.09,667708.7,1417073.23,0,10451345.65,3778154701,1220761.5,4221459571,0,0,0,0,236778.42,0,10240.93,0,636504.5,91675227.22,12783.7,0,0,6938713,2555,0,4949,16410,4,0,924396,1856080,654,6998924,0,0,0,179386887.3,5734563.54,15209503.1,781325.77,0,6456.93,0,0,0,31046423.19,456929.8,490078.52,473106.85,191644.93,2956.92,1427314.16,0,0,0,0,0,7816097.62,731027.99,2540724.54,3750240005,29231026.73,90358896.4,1222200.68,0,11344.52,4094260546,51860825.1,75338199.87,616069
201512, 2.398 ,8944388603,193250826.5,212782106.2,135703497.5,54590799.63,0,214646096.2,1544419.65,0,30978240.83,531731.41,1514153.53,0,10508536.97,3877568851,1167192.62,4711103335,0,0,0,0,227258.86,0,11230.89,0,676999.77,94016247.66,13377.79,0,0,6930926,2646,0,5430,15709,3,0,901448,1845905,208,6760176,0,0,0,193012273,6414443.97,15219379.2,1537962.72,0,6456.93,0,0,0,30347118.6,364202.52,494178.57,285836.31,244416.64,1478.46,1525384.42,0,0,0,0,0,7912485.64,537186.3,2735864.8,3853825419,28204369.6,89555309.18,1172306.72,0,8263.69,4572625551,65948582.39,72529202.27,626783
201601, 2.316 ,9033841912,140663828.6,216638275.5,88506955.75,51274674.9,0,150836173.9,2366306.92,0,30082309.96,417619.02,1542330.52,0,10978526.34,3953497169,1118023.25,4785661807,0,0,0,0,212227.86,0,12870.54,0,718187.03,96483599.65,17802.14,0,0,6980824,2739,0,5061,13821,4,0,883428,1811225,269,6670970,0,0,0,129968108.3,5222386.27,15645679.26,2359849.99,0,6456.93,0,0,0,29553054.01,277260.63,464223.18,223725.98,192414.58,1478.46,1555201.06,0,0,0,0,0,8279443.64,670507.82,2746761.91,3931595299,30196179.36,88189290.32,1129528.97,0,6296.42,4667930931,43959864.53,73771012.21,607078
201602, 2.103 ,9050770779,146725048.8,209607788.5,111529948,34807091.85,0,181088817.9,2536944.41,0,29358916.88,542940.41,1860280.97,0,13141764.59,3967312575,1067345.17,4750543631,0,0,0,0,230009,0,15952.14,0,24448.34,103118210,19923.03,0,0,5345618,2832,0,5375,15951,4,0,1210774,1809941,331,6863490,0,0,0,160215156.4,5536362.73,15337298.73,2530487.48,0,6456.93,0,0,0,28798656.61,210642.88,579626.39,370017.08,171444.87,1478.46,1876233.11,0,0,0,0,0,9243835.46,931668.25,2990709.22,3949499728,32423538.29,88507519.02,772772.25,308199.53,6296.42,4616704630,54762817.3,79076183.58,608295
201603, 2.208 ,9375741840,242468239.6,197166294.1,193697463.7,47655032.43,0,203191815.6,2558749.15,0,28440889.46,659831.67,1778770.05,0,12721046.31,3970380833,1018716.55,5052558225,0,0,0,0,211149.25,0,13135.74,0,25771.75,102257764.3,23376.03,0,0,5459837,2918,0,4782,16826,0,0,1476846,1648676,389,6253494,0,0,0,182069395.3,5522801.53,15599618.84,2552292.22,0,6456.93,0,0,0,28002705.49,158988.41,490344.81,411081.91,247271.3,1478.46,1791905.79,0,0,0,0,0,6226856.36,3590425.3,2929536.4,3948830771,38974488.24,84833337.46,723587.2,312208.96,6296.42,4912562031,66505238.73,73490955.5,631447
201604, 2.413 ,9457712643,216932618.7,208866559.8,127272942.7,88735107.53,0,212758642.3,2368408.84,0,27727610.47,490874.02,1791149.44,0,11899296.1,3985427505,965728.66,5109552503,0,0,0,0,203631.29,0,14604.99,0,27613.23,104603923.7,14862.59,0,0,5708484,3012,0,4888,13452,0,0,1175735,1627313,360,6632047,0,0,0,190596064.6,5678815.6,16483762.05,2361951.91,0,6456.93,0,0,0,27234371.16,292273.13,404597.47,313282.73,176112.83,1478.46,1805754.43,0,0,0,0,0,5924653.79,2754766.72,3247488.82,3956438031,45336282.86,88257114.1,974294.83,0,6296.42,4957066442,73643431.6,78842629.38,631371
201605, 2.363 ,9553636076,219203521.2,230525724.7,155455802.4,62802036.17,0,213997606.7,2390052.48,0,26999189.03,618104.82,1548269.8,0,10794056.02,4000282484,934949.68,5190042522,0,0,0,0,215872.44,0,10216.41,0,19040.17,105856074.6,13496.77,0,0,5952125,3101,0,5367,15317,0,0,976635,1596764,1034,6570180,0,0,0,190768545.6,6611938.97,16617122.2,2383595.55,0,6456.93,0,0,0,26457887.5,357472.6,399701.37,448855.31,167771.05,1478.46,1558486.21,0,0,0,0,0,5737006.12,1301509.68,3774580.39,3964943783,50656293.65,90538481.68,921033.65,0,27412.8,5012727728,93361683.91,83953110.25,626946
201606, 2.429 ,10042184249,204754699.4,237311485.1,131489936,73078826.61,0,228334754.2,2140388.59,0,26372483.51,520433,1484834.55,0,10261581.37,4059324760,872512.42,5605005548,0,0,0,0,200145.74,0,10196.85,0,20099.06,107666564.2,11103.26,0,0,5997471,3194,0,5763,13359,0,0,931988,1516363,391,6346636,0,0,0,205699239.6,5647168.04,16988346.58,2133931.66,0,6456.93,0,0,0,25695833.78,225717.29,651078.18,340047.61,178906.93,1478.46,1495031.4,0,0,0,0,0,5351392.94,1366116.86,3564170.63,4015016057,56623540.43,95351727.33,877319.26,0,6296.42,5430652835,84233204.2,90119508.59,642057
201607, 2.371 ,10316017400,184644056.1,250550537.8,124702914.7,59287988.66,0,192357286.2,5575451.52,0,25622901.56,536948.83,1632953.59,0,10168689.18,4185476125,827836.84,5792924843,0,0,0,0,191357.74,0,12729.99,0,17628.7,100711139.4,10533.74,0,0,6193738,2382,0,5553,13949,0,0,922979,1458706,421,6154205,0,0,0,169712166,4873871.3,17771248.92,5571606.09,0,3845.43,0,0,0,24973008.1,393125.14,448126.06,372841.55,162628.82,1478.46,1645683.58,0,0,0,0,0,5591104.69,1274951.69,3320261.5,4126559810,62047791.37,97579663.64,832074.16,0,6296.42,5622760912,70997139.92,99166790.81,633700
201608, 2.180 ,10491145812,157570649.2,248718167.1,106120669.3,50487679.45,0,182961390.8,3653892.78,0,24951579.4,742526.09,1524121.04,0,10156649.21,4406907868,774204.05,5747030729,0,0,0,0,202492.18,0,16127.94,0,22490.31,112253454.5,8340.23,0,0,6561550,2442,0,5836,17073,0,0,912843,1444365,360,6246711,0,0,0,160939449.3,4290932.92,17731008.58,3650047.35,0,3845.43,0,0,0,24287292.42,250373.99,616405.17,492455.87,248591.76,1478.46,1540248.98,0,0,0,0,0,5582555.63,1560433.52,3036150.37,4365839655,53667659.53,99654007.36,781787.51,0,756.77,5586246472,62182317.35,98601939.99,638693
201609, 1.670 ,11193317266,152230332.8,243970588.5,106260117.3,37673914.01,0,226938323.9,3234396.38,0,23925050.54,640216.57,1992253.37,0,8930023.68,4700417213,727339.33,6109774538,0,0,0,0,178581.07,0,17300.14,0,14631.76,116586681.7,8617.1,0,0,5565576,1252,0,5420,15105,0,0,815406,1324357,0,6051535,0,0,0,205698768.1,3788125.37,17451430.37,3231451.01,0,2945.37,0,0,0,23324870.46,210050.24,568710.91,422230.15,211789.5,6196.92,2009553.51,0,0,0,0,0,4678856.65,1328450.89,2937347.9,4665472654,50228956.45,101302284.3,735956.43,0,0,5952757283,59680402.95,97336852.43,658717
201610, 1.645 ,11578798131,178616012,193373844.2,130607720.2,46814651.98,0,254958001.8,1882380.64,0,23369076.72,813261.97,2164279.99,0,8318902.49,5045715955,682567.15,6120824237,0,0,0,0,176906.09,0,17269.08,0,17341.08,119932243.3,7864.98,0,0,5269848,1282,0,6055,15145,0,0,544167,894996,0,5531739,0,0,0,236230636.4,4132195.37,14595170.01,1879435.27,0,2945.37,0,0,0,22691818.87,232636.38,621527.56,584932.22,223611.29,4718.46,2181549.07,0,0,0,0,0,5001588.15,1083040.07,2251615.35,5036844691,52337083.2,76466424.06,690432.13,0,0,5975715232,68035236.06,77073768.44,644885
201611, 1.701 ,12187114775,233252101.6,200523770.8,167200894,65167855.43,0,290034723.9,1872211.3,0,22728593.71,1064875.26,2102513.11,0,8340819,5285022837,631815.37,6438839508,0,0,0,0,174301.91,0,17478.57,0,15038.19,136280645.5,8325.54,0,0,5340052,1,0,5784,19111,0,0,567592,975505,0,5964241,0,0,0,270519535.5,5055568.12,14459620.33,1872211.3,0,0,0,0,0,22093676.47,219009.98,590209.17,751207.52,308949.28,4718.46,2119991.68,0,0,0,0,0,5254904.75,1007525.38,2093427.06,5278757592,64353010.46,78192879.91,640140.91,0,0,6262290218,95330795.2,81218494.94,672854
201612, 1.790 ,12850887214,218365861,218617809,147830970.2,69833604.04,0,292901606.4,1880816.68,0,22135879.89,869398.38,2039654.43,0,9295332.99,5669730478,588472.55,6710066255,0,0,0,0,166511.68,0,16289.35,0,18570.36,141211098.3,7883.95,0,0,5559864,2,0,5755,16094,0,0,601724,1014347,0,5794378,0,0,0,273253899.5,4459056.55,15188650.32,1880816.68,0,0,0,0,0,21663281.74,188181.33,450928.5,567502.92,297177,4718.46,2055943.78,0,0,0,0,0,5928291.81,1483830.22,1901781.32,5652988404,71354095.82,86599076.74,596356.5,0,0,6542524859,80376846.92,87164549.52,668057
201701, 1.788 ,13316775040,235856365.2,238358901.6,166691955,68697987.31,792510,209344011.5,2103174.87,0,21618868.47,769132.27,1978618.13,0,9447904.43,5963409914,570495.5,6926357078,635.12,0,0,0,171643.92,0,16464.69,0,31121.52,172443920.7,8370.38,0,0,5880960,0,0,6268,13698,0,0,639412,1344599,0,6145294,793145.12,0,0,189481837.3,4269771.62,15592402.55,2103174.87,0,0,0,0,0,21094395.33,220146.97,475970.09,522679.81,238884,7568.46,1995082.82,0,0,0,0,0,6212654.68,1302902.69,1963468.58,5952864042,87332899.42,95656892.5,578865.88,0,0,6753593079,76218247.11,96545752.2,665220
201702, 1.877 ,14145540432,254850184.3,252913883.2,183151771.3,71059901.17,795585,274893027.4,1649275.17,0,21007354.87,1035579.13,1924557.77,0,9110363.81,6279667123,549172.9,7376417411,2157.94,0,0,0,156123.95,0,16440.82,0,19228.05,170069114.7,6642.05,0,0,6140317,0,0,5793,13866,7,0,683681,1179304,0,6397747,797742.94,0,0,253701018.1,5175117.27,16016892.03,1649275.17,0,0,0,0,0,20424134.01,292374.5,446970.31,829881.13,202848,2850,1940998.59,0,0,0,0,0,5600686.82,1535207.4,1993697.64,6254951037,90420698.51,104364502.6,555814.95,0,0,7190789865,84174806.97,101452738.5,688222
201703, 2.036 ,14256623580,251413662.7,267546227.2,156493872.6,93995985.51,772750,251457381.5,511360.57,0,20525738.81,1326933.25,2309845.08,0,10450349.84,6516833120,530841.48,7273059806,3429.77,0,0,0,193020.34,0,27623.37,0,37181.36,166072176.8,5835.51,0,0,6410558,0,0,6183,16700,0,0,1288555,1260253,0,6356513,776179.77,0,0,232592782.1,2744084.44,16120514.98,511360.57,0,0,0,0,0,20001586.93,260692.12,456480.1,979323.25,344760,2850,2337468.45,0,0,0,0,0,7211842.72,1391167.05,1884521.43,6463627837,103603910.3,115673550.2,536676.99,0,0,7078970109,89542899.7,104546797.7,669672
201704, 2.099 ,14632560981,279508750.9,297925161.4,197886218.3,71894104.5,769090,309905937.7,675163.28,0,19730382.64,1587527.82,2644596.91,0,10079045.69,6839568589,779880.78,7246349166,4883.26,0,0,0,146770.19,0,30893.4,0,23952.04,184738080.4,8531.95,0,0,6724782,1,0,6413,15230,7,0,1150423,1301481,0,6711439,773973.26,0,0,287536715.4,5567048.92,16802173.38,675163.28,0,0,0,0,0,19101502.55,322069.03,453581.25,1304786.82,279891,2850,2675490.31,0,0,0,0,0,6543953.89,1427661.96,2131381.88,6787805310,105351851.5,131149507.2,788412.73,0,0,7046284887,85631773.62,114432505.8,686608
201705, 2.185 ,14807411784,484495546.3,310753700.2,377485964.8,96759330.1,771340,301917553.2,814604.63,0,19256122.49,2476052.96,2965924.58,0,10374628.9,7030413633,751568.78,7227687321,6323.91,0,0,0,162535.52,0,38621.2,0,31397.65,189822148.7,8103.92,0,0,6774722,0,0,5883,20422,6,0,853393,1420402,0,7131942,777663.91,0,0,277261071.9,8585816.56,16070664.77,814604.63,0,0,0,0,0,18680036.48,311278.08,427343.45,2096939.36,376263.6,2850,3004545.78,0,0,0,0,0,6187074.36,1877585.48,2341366.71,6961144468,115304906.4,143786406.7,759672.7,0,0,6921068771,187044644.5,119573905.2,682886
201706, 2.466 ,15502197639,428056701.2,338658530.1,255356219.1,168528305.3,807100,312351411.2,1580690.75,0,18519356.04,2748346.04,2875426.18,0,10543274.43,7270454713,2244453.79,7651439115,8159.46,0,0,0,141135.42,0,35081.71,0,25492.49,203988962,12447.9,0,0,6970604,0,0,5939,18869,7,0,893063,1506027,0,7276167,815259.46,0,0,287672635.5,6518620.5,18160155.26,1580690.75,0,0,0,0,0,17860202.9,390880.17,409408.39,2254369.34,491126.7,2850,2910507.89,0,0,0,0,0,6500512.28,1221655.52,2846599.12,7192981202,124667146.1,156795326.7,2256901.69,0,0,7368666120,157337423.7,125435571.3,707439
201707, 2.415 ,15644070229,363440225.9,385849837.3,242364348.1,120051804.2,829925,251127990,1682012.86,0,18011904.62,3137144.61,2798680.12,0,10709483.82,7392427456,2219531.27,7728776413,8952.9,0,0,0,139186.9,0,33516.47,0,39871.56,197815046.5,33482.81,0,19,7181028,0,0,5802,14085,0,0,919043,1553041,0,7436476,838877.9,0,0,224850313.4,7486441.01,18791235.63,1682012.86,0,0,0,0,0,17289861.65,443341.09,417888.78,2880652.41,253642.2,2850,2832196.59,0,0,0,0,0,6230961.75,1341975.94,3176417.69,7294120688,124903525.1,171218289.3,2253014.08,0,0,7472416001,112030272.8,144330139.6,700509
201708, 2.333 ,16051192135,350325581.2,387579915.2,248790909.1,95740931.74,0,275935040.8,1221335.38,0,17496291.04,4102468.88,2732375.47,0,10775453.1,7506551834,2190336.9,7971365455,0,0,0,0,126487.72,0,33619.05,0,43609.11,218733809.4,54837.65,0,0,6268288,1,0,4673,18228,0,0,803876,1543560,0,7456165,0,0,0,250328798.6,7142967.72,18463274.47,1221335.38,0,0,0,0,0,17325521.84,261857.32,35399.6,3772583.48,327035.4,2850,2765994.52,0,0,0,0,0,6591514.55,1029204.33,3198343.33,7431201301,113276208.9,180808133.5,2245174.55,0,0,7711839676,116107175.2,143418604.4,720821
201709, 2.333 ,16817916119,317824128.3,392430251.2,215757027.8,101769591.6,0,310070937.8,1236739.17,0,16592102.39,4666583.07,2466188.63,0,10807220.5,7765734871,2164542.84,8427008962,0,0,0,0,127561.33,0,28079.74,0,70334.77,219968367.3,77121.14,0,0,6550685,0,0,5012,16733,0,0,775548,1600881,0,7559663,0,0,0,283645705,7279893.3,19145339.47,1236739.17,0,0,0,0,0,16400644.07,254740.62,64279.03,4229750.07,433983,2850,2494268.37,0,0,0,0,0,6400927.15,1087851.48,3388776.64,7679564988,115372011.1,190766239.9,2241663.98,0,0,8193947178,92670370.73,140391414.2,748241
201710, 2.283 ,17318651915,405676433.6,404112533.7,310890875.1,93710308.37,6580954,303640519.4,2016318.97,0,16202598.88,5617041.75,2798157.87,0,10613974.76,8071826200,2138414.07,8604498197,7302.09,0,0,0,128762.66,0,27828.94,0,82186.13,218456106.5,98269.04,0,0,6636735,0,0,4872,15754,0,0,762341,1624620,0,7746388,6588256.09,0,0,277947000.3,6924725.78,18768793.24,2016318.97,0,0,0,0,0,15943746.14,322200.08,65415.32,5220768.75,396273,0,2825986.81,0,0,0,0,0,6116102.65,1193059.57,3386998.67,7961219894,127767647.8,201294764.4,2236683.11,0,0,8339580433,121231944.2,143685820.3,752545
201711, 2.288 ,18193462356,444715095.7,415391347.8,317044453.3,127125090.5,6715094,317792955.8,1920642.21,0,15809898.38,7211399.64,2728342.76,0,10807958.86,8321920427,2111562.82,9187007028,45947.85,0,0,0,118506.31,0,32625.98,0,57932.43,234543555.1,121164.61,0,0,6544358,1,0,5072,16520,0,0,743635,1695910,0,7945131,6761041.85,0,0,292133900.4,6731373.14,18927682.26,1920642.21,0,0,0,0,0,15578179.96,322575.42,27649.31,6842137.14,369262.5,0,2760968.74,0,0,0,0,0,6046442.46,1190717.79,3628731.04,8223073277,123967296.1,209423408.4,2232727.43,0,0,8878454910,163909549.9,144642567.9,770666
201712, 2.319 ,18869410002,388690090.4,431675948.8,268188457.8,119689096.4,6606110,316849332.4,1937689.81,0,15306201.54,8506732.86,2952727.6,0,11074191.8,8552496157,1880260.93,9612833595,81852.48,0,0,0,118253.86,0,31949.28,0,85582.61,235069223.1,9575.57,0,0,6509631,0,0,4828,13419,0,0,715482,1733600,28,7997686,6687962.48,0,0,289562570.3,8158344.03,19128418.15,1937689.81,0,0,0,0,0,14969267.93,380790.22,74397.25,8150023.86,356709,0,2984676.88,0,0,0,0,0,6335900.67,1208054.39,3615819.35,8433083787,133604364.3,220877228.9,1889836.5,0,0,9334570698,129286818.9,148976078.5,779694
201801, 2.405 ,19448858756,364112399.6,451092117.7,253575150.8,108992537.3,7134196,206640450.7,1961306.57,0,14872650.48,1082832.72,3457131.96,0,12001406.45,8695399684,1849149.73,10137123819,129295.1,0,0,0,118996.92,0,46977.3,0,30312.58,255061222.6,27857.18,0,0,6481773,0,0,4272,13045,5,0,709596,1821948,0,8230657,7263491.1,0,0,181426723,5788679.27,19425048.43,1961306.57,0,0,0,0,0,14579759.42,237535.62,174352.36,831084.72,251748,0,3504109.26,0,0,0,0,0,7247239.85,1231358.05,3553121.13,8568573071,151542164.5,230345672,1877006.91,0,0,9853633439,123367812.4,160122567.4,763961
201802, 2.405 ,20074129234,424265617.4,482715493.2,307138959.8,88597236.04,7467949.99,287069728.3,2078362.6,0,14561019.38,14141279.72,3369031.67,0,12391738.34,8970755238,1821212.38,10325810337,178156.59,0,0,0,116187.31,0,45964.7,0,108791.67,258384263,30034.61,0,0,6103608,0,0,4408,13152,5,0,715726,1911320,29,8451665,7646106.58,0,0,260111508.2,6870034.34,20088185.79,2078362.6,0,0,0,0,0,14334603.04,282203.03,60400.62,13828954.2,312325.52,0,3414996.37,0,0,0,0,0,7308784.68,1411443.27,3780302.06,8818951886,159493854.9,250693760.4,1851246.99,0,0,10007875610,147593155.7,170341571.5,793812
